paper_id,title,summary,authors,categories,primary_category,published,updated,age_days,authors_joined,categories_joined,summary_chars,text_for_embedding,abs_url,pdf_url,comment
10.5555/agentic-rag-001,Agentic Retrieval-Augmented Generation,This study presents an agentic retrieval approach for grounded question answering and reliable document selection.,"['Ada Lovelace', 'Grace Hopper']","['Artificial Intelligence', 'Information Retrieval']",Artificial Intelligence,2026-07-15,2026-07-20,22,"Ada Lovelace, Grace Hopper","Artificial Intelligence, Information Retrieval",114,"Title: Agentic Retrieval-Augmented Generation
Authors: Ada Lovelace, Grace Hopper
Categories: Artificial Intelligence, Information Retrieval
Published: 2026-07-15
Abstract: This study presents an agentic retrieval approach for grounded question answering and reliable document selection.",https://doi.org/10.5555/agentic-rag-001,https://example.org/agentic-rag.pdf,Example Research Press
10.5555/data-obs-002,Data Observability for RAG Pipelines,"This paper studies freshness, completeness, duplication, and recovery signals for production retrieval pipelines.",[],[],Uncategorized,2026-06-01,2026-06-01,66,Unknown,Uncategorized,113,"Title: Data Observability for RAG Pipelines
Authors: Unknown
Categories: Uncategorized
Published: 2026-06-01
Abstract: This paper studies freshness, completeness, duplication, and recovery signals for production retrieval pipelines.",https://doi.org/10.5555/data-obs-002,,Example Data Journal
